state,w_2021,w_2022,w_2023,w_pop_lakh,w_rate_2023,w_cs_rate_2023,cruelty_I,cruelty_V,cruelty_rate_2023,w_prev_pend_inv,w_reported,w_reopened,w_total_inv,w_not_inv,w_police_disposed,w_quashed,w_stayed,w_pend_inv_end,w_cs_rate_tbl,w_police_pend_pct,w_chargesheeted,sc_2021,sc_2022,sc_2023,sc_pop_lakh_2011,sc_rate_2023,sc_cs_rate_2023,sc_prev_pend_inv,sc_reported,sc_reopened,sc_total_inv,sc_not_inv,sc_police_disposed,sc_quashed,sc_stayed,sc_pend_inv_end,sc_cs_rate_tbl,sc_police_pend_pct,sc_chargesheeted,sc_trial_prev,sc_trial_new,sc_total_trial,sc_abated,sc_withdrawn,sc_conv_prev,sc_conv_new,sc_convicted,sc_discharged,sc_acquitted,sc_trials_completed,sc_court_disposed,sc_pend_trial_end,sc_conv_rate,sc_court_pend_pct,k,spousal_urban,spousal_rural,spousal_nfhs6,spousal_nfhs5,sch10_urban,sch10_rural,sch10_nfhs6,sch10_nfhs5
A&N Islands,169.0,178.0,205.0,1.9,107.3,92.4,6.0,6.0,3.1,7.0,205.0,0.0,212.0,0.0,197.0,0.0,0.0,15.0,92.4,7.1,182.0,0.0,0.0,0.0,0.0,,,0.0,0.0,0.0,0.0,0.0,0.0,0.0,0.0,0.0,,,0.0,0.0,0.0,0.0,0.0,0.0,0.0,0.0,0.0,0.0,0.0,0.0,0.0,0.0,,,a&nislands,28.7,10.6,18.2,17.2,74.1,57.9,65.0,52.5
Andhra Pradesh,17752.0,25503.0,22418.0,266.1,84.2,95.2,10594.0,10640.0,39.8,13874.0,22418.0,4.0,36296.0,0.0,22252.0,17.0,17.0,14027.0,95.2,38.6,21180.0,2014.0,2315.0,2027.0,84.5,24.0,78.0,1805.0,2027.0,1.0,3833.0,0.0,1917.0,1.0,11.0,1915.0,78.0,50.0,1496.0,7230.0,1496.0,8726.0,12.0,0.0,26.0,1.0,27.0,0.0,837.0,864.0,880.0,7846.0,3.1,89.9,andhrapradesh,25.0,21.4,22.7,29.9,60.0,42.5,48.4,39.6
Arunachal Pradesh,366.0,335.0,326.0,7.6,42.8,71.4,58.0,58.0,7.6,297.0,326.0,0.0,623.0,0.0,357.0,0.0,0.0,266.0,71.4,42.7,255.0,0.0,0.0,0.0,0.0,,,0.0,0.0,0.0,0.0,0.0,0.0,0.0,0.0,0.0,,,0.0,2.0,0.0,2.0,0.0,0.0,0.0,0.0,0.0,0.0,0.0,0.0,0.0,2.0,,100.0,arunachalpradesh,15.6,18.7,17.8,24.9,62.1,44.2,50.4,39.4
Assam,29046.0,14148.0,12070.0,176.0,68.6,65.2,2923.0,2964.0,16.6,8754.0,12070.0,50.0,20874.0,0.0,17165.0,0.0,0.0,3709.0,65.2,17.8,11192.0,15.0,14.0,5.0,22.3,0.2,11.8,45.0,5.0,0.0,50.0,0.0,34.0,0.0,0.0,16.0,11.8,32.0,4.0,21.0,4.0,25.0,0.0,0.0,0.0,0.0,0.0,0.0,0.0,0.0,0.0,25.0,,100.0,assam,12.3,16.8,16.2,32.2,57.8,34.1,37.1,29.6
Bihar,17950.0,20222.0,22952.0,611.9,37.5,75.5,2032.0,2032.0,3.3,21146.0,22952.0,388.0,44486.0,0.0,23003.0,0.0,0.0,21483.0,75.5,48.3,17370.0,5842.0,6509.0,7064.0,165.7,42.6,84.7,6857.0,7064.0,43.0,13964.0,0.0,9887.0,0.0,0.0,4077.0,84.7,29.2,8371.0,58183.0,8371.0,66554.0,0.0,0.0,144.0,36.0,180.0,0.0,419.0,599.0,599.0,65955.0,30.1,99.1,bihar,31.2,37.0,36.1,40.1,51.9,30.6,33.1,28.8
Chandigarh,343.0,325.0,371.0,5.7,65.2,63.5,76.0,76.0,13.4,418.0,371.0,0.0,789.0,0.0,397.0,53.0,0.0,339.0,63.5,43.0,252.0,0.0,4.0,3.0,2.0,1.5,33.3,3.0,3.0,0.0,6.0,0.0,3.0,1.0,0.0,2.0,33.3,33.3,1.0,4.0,1.0,5.0,0.0,0.0,1.0,0.0,1.0,0.0,0.0,1.0,1.0,4.0,100.0,80.0,chandigarh,8.5,,8.5,9.7,70.5,61.5,70.1,59.6
Chhattisgarh,7344.0,8693.0,8035.0,151.0,53.2,76.5,755.0,757.0,5.0,1714.0,8035.0,0.0,9749.0,0.0,7755.0,0.0,14.0,1994.0,76.5,20.5,5931.0,330.0,323.0,250.0,32.7,7.6,100.0,70.0,250.0,0.0,320.0,0.0,252.0,0.0,0.0,68.0,100.0,21.3,252.0,1617.0,252.0,1869.0,0.0,0.0,74.0,2.0,76.0,1.0,93.0,170.0,170.0,1699.0,44.7,90.9,chhattisgarh,11.5,17.2,16.1,20.1,59.1,37.3,41.9,36.9
D&N Haveli and Daman & Diu,99.0,126.0,124.0,4.4,28.4,70.8,2.0,2.0,0.5,42.0,124.0,0.0,166.0,0.0,120.0,0.0,0.0,46.0,70.8,27.7,85.0,0.0,0.0,1.0,0.1,8.1,,0.0,1.0,0.0,1.0,0.0,0.0,0.0,0.0,1.0,,100.0,0.0,1.0,0.0,1.0,0.0,0.0,0.0,0.0,0.0,0.0,0.0,0.0,0.0,1.0,,100.0,d&nhavelianddaman&diu,20.1,19.7,19.9,16.8,54.8,32.0,44.8,35.8
Delhi,14277.0,14247.0,13439.0,100.6,133.6,69.9,4236.0,4239.0,42.1,19411.0,13439.0,0.0,32850.0,0.0,14852.0,290.0,0.0,17708.0,69.9,53.9,10380.0,136.0,130.0,128.0,28.1,4.6,93.5,150.0,128.0,0.0,278.0,0.0,123.0,1.0,0.0,154.0,93.5,55.4,115.0,511.0,115.0,626.0,0.0,0.0,30.0,0.0,30.0,9.0,52.0,91.0,94.0,532.0,33.0,85.0,delhi,12.2,,12.3,22.5,63.9,64.6,64.0,59.7
Goa,224.0,273.0,286.0,7.8,36.5,74.2,0.0,0.0,0.0,96.0,286.0,0.0,382.0,0.0,275.0,1.0,0.0,106.0,74.2,27.7,204.0,4.0,8.0,4.0,0.3,15.7,100.0,1.0,4.0,0.0,5.0,0.0,4.0,0.0,0.0,1.0,100.0,20.0,4.0,30.0,4.0,34.0,0.0,0.0,0.0,0.0,0.0,1.0,1.0,2.0,2.0,32.0,0.0,94.1,goa,16.2,4.5,11.3,8.3,69.5,62.6,66.5,71.5
Gujarat,7348.0,7731.0,7805.0,341.1,22.9,89.0,2176.0,2191.0,6.4,1051.0,7805.0,0.0,8856.0,0.0,7703.0,88.0,74.0,1063.0,89.0,12.0,6855.0,1201.0,1279.0,1373.0,40.7,33.7,97.8,364.0,1373.0,0.0,1737.0,0.0,1316.0,59.0,31.0,362.0,97.8,20.8,1287.0,13073.0,1287.0,14360.0,6.0,0.0,44.0,2.0,46.0,3.0,571.0,620.0,629.0,13731.0,7.4,95.6,gujarat,12.9,14.1,13.6,13.9,51.9,28.8,38.6,33.8
Haryana,16658.0,16743.0,15758.0,142.9,110.3,56.0,5191.0,5197.0,36.3,3885.0,15758.0,19.0,19662.0,0.0,16062.0,4.0,0.0,3596.0,56.0,18.3,8987.0,1628.0,1633.0,1539.0,51.1,30.1,52.7,366.0,1539.0,0.0,1905.0,0.0,1529.0,2.0,0.0,374.0,52.7,19.6,806.0,3118.0,806.0,3924.0,0.0,0.0,67.0,1.0,68.0,0.0,284.0,352.0,356.0,3568.0,19.3,90.9,haryana,16.1,12.1,13.6,17.9,63.9,49.9,55.2,49.5
Himachal Pradesh,1599.0,1551.0,1604.0,36.9,43.5,72.9,217.0,217.0,5.9,292.0,1604.0,0.0,1896.0,0.0,1573.0,1.0,0.0,322.0,72.9,17.0,1146.0,244.0,210.0,229.0,17.3,13.2,61.0,63.0,229.0,0.0,292.0,0.0,213.0,0.0,0.0,79.0,61.0,27.1,130.0,788.0,130.0,918.0,3.0,7.0,15.0,0.0,15.0,0.0,126.0,141.0,168.0,750.0,10.6,81.7,himachalpradesh,3.1,4.4,4.3,8.6,78.0,71.4,72.1,65.9
Jammu & Kashmir,3937.0,3716.0,3653.0,65.0,56.2,70.1,524.0,524.0,8.1,1721.0,3653.0,18.0,5392.0,0.0,3673.0,17.0,90.0,1702.0,70.1,31.6,2574.0,13.0,11.0,26.0,9.2,2.8,58.8,15.0,26.0,0.0,41.0,0.0,17.0,1.0,1.0,23.0,58.8,56.1,10.0,12.0,10.0,22.0,0.0,0.0,0.0,0.0,0.0,0.0,0.0,0.0,0.0,22.0,,100.0,jammu&kashmir,2.4,3.7,3.4,9.7,65.6,45.7,50.1,51.3
Jharkhand,8110.0,7678.0,6989.0,193.6,36.1,78.9,770.0,813.0,4.0,9840.0,6989.0,0.0,16829.0,0.0,8054.0,7.0,0.0,8768.0,78.9,52.1,6353.0,546.0,674.0,604.0,39.9,15.2,46.8,1158.0,604.0,0.0,1762.0,0.0,632.0,0.0,0.0,1130.0,46.8,64.1,296.0,2571.0,296.0,2867.0,10.0,0.0,21.0,15.0,36.0,8.0,82.0,126.0,136.0,2731.0,28.6,95.3,jharkhand,18.2,29.2,27.0,31.4,62.3,33.1,39.5,33.2
Karnataka,14468.0,17813.0,20336.0,334.2,60.9,81.2,3000.0,3141.0,9.0,6792.0,20336.0,1.0,27129.0,5.0,20798.0,24.0,111.0,6307.0,81.2,23.2,16888.0,1673.0,1977.0,1923.0,104.7,18.4,81.4,651.0,1923.0,0.0,2574.0,0.0,2110.0,7.0,31.0,457.0,81.4,17.8,1718.0,10490.0,1718.0,12208.0,5.0,0.0,24.0,0.0,24.0,3.0,1077.0,1104.0,1117.0,11091.0,2.2,90.9,karnataka,6.9,19.9,14.1,44.4,69.4,48.3,57.6,50.2
Kerala,13539.0,15213.0,16025.0,186.2,86.1,93.7,4710.0,4832.0,25.3,3776.0,16025.0,34.0,19835.0,0.0,15825.0,34.0,6.0,3976.0,93.7,20.0,14834.0,948.0,1050.0,1128.0,30.4,37.1,81.6,310.0,1128.0,9.0,1447.0,0.0,1173.0,4.0,0.0,270.0,81.6,18.7,957.0,4575.0,957.0,5532.0,18.0,0.0,109.0,1.0,110.0,16.0,690.0,816.0,877.0,4655.0,13.5,84.1,kerala,15.6,19.7,17.7,9.8,88.7,84.6,86.6,77.0
Ladakh,18.0,15.0,20.0,1.3,15.2,78.6,6.0,6.0,4.5,5.0,20.0,0.0,25.0,0.0,14.0,1.0,0.0,10.0,78.6,40.0,11.0,0.0,0.0,0.0,0.0,0.0,,0.0,0.0,0.0,0.0,0.0,0.0,0.0,0.0,0.0,,,0.0,0.0,0.0,0.0,0.0,0.0,0.0,0.0,0.0,0.0,0.0,0.0,0.0,0.0,,,ladakh,2.2,1.8,1.9,17.7,69.7,55.5,58.2,50.0
Lakshadweep,9.0,16.0,23.0,0.3,69.7,81.0,3.0,3.0,9.1,32.0,23.0,0.0,55.0,0.0,21.0,0.0,0.0,34.0,81.0,61.8,17.0,0.0,0.0,0.0,0.0,,,0.0,0.0,0.0,0.0,0.0,0.0,0.0,0.0,0.0,,,0.0,0.0,0.0,0.0,0.0,0.0,0.0,0.0,0.0,0.0,0.0,0.0,0.0,0.0,,,lakshadweep,5.5,,10.2,1.3,77.7,78.8,78.1,67.8
Madhya Pradesh,30673.0,32765.0,32342.0,421.2,76.8,81.2,7577.0,7597.0,18.0,4242.0,32342.0,0.0,36584.0,0.0,31192.0,7.0,0.0,5385.0,81.2,14.7,25341.0,7214.0,7733.0,8232.0,113.4,72.6,99.7,596.0,8232.0,0.0,8828.0,0.0,8054.0,4.0,0.0,770.0,99.7,8.7,8029.0,34412.0,8029.0,42441.0,0.0,0.0,996.0,59.0,1055.0,470.0,3370.0,4895.0,4902.0,37539.0,21.6,88.4,madhyapradesh,17.7,22.6,21.4,28.0,54.0,26.0,33.7,29.3
Maharashtra,39526.0,45331.0,47101.0,608.0,77.5,80.8,11226.0,11253.0,18.5,30133.0,47101.0,1.0,77235.0,0.0,46279.0,66.0,1.0,30890.0,80.8,40.0,37416.0,2503.0,2743.0,3024.0,132.8,22.8,92.9,1302.0,3024.0,0.0,4326.0,0.0,3002.0,3.0,0.0,1321.0,92.9,30.5,2790.0,14668.0,2790.0,17458.0,29.0,0.0,86.0,2.0,88.0,15.0,888.0,991.0,1024.0,16434.0,8.9,94.1,maharashtra,14.9,22.0,19.2,25.2,67.1,46.5,55.4,50.4
Manipur,302.0,248.0,201.0,16.1,12.5,69.6,7.0,7.0,0.4,1512.0,201.0,0.0,1713.0,0.0,125.0,0.0,1.0,1588.0,69.6,92.7,87.0,0.0,0.0,0.0,1.0,0.0,,1.0,0.0,0.0,1.0,0.0,0.0,0.0,0.0,1.0,,100.0,0.0,3.0,0.0,3.0,0.0,0.0,0.0,0.0,0.0,0.0,0.0,0.0,0.0,3.0,,100.0,manipur,,,,,,,,
Meghalaya,685.0,690.0,628.0,16.8,37.5,75.0,14.0,14.0,0.8,812.0,628.0,0.0,1440.0,0.0,588.0,1.0,0.0,851.0,75.0,59.1,441.0,0.0,0.0,0.0,0.2,0.0,,0.0,0.0,0.0,0.0,0.0,0.0,0.0,0.0,0.0,,,0.0,0.0,0.0,0.0,0.0,0.0,0.0,0.0,0.0,0.0,0.0,0.0,0.0,0.0,,,meghalaya,2.9,6.5,5.9,15.0,65.5,30.6,37.5,35.1
Mizoram,176.0,147.0,184.0,6.2,29.9,97.8,5.0,5.0,0.8,21.0,184.0,0.0,205.0,0.0,185.0,0.0,3.0,20.0,97.8,9.8,181.0,0.0,5.0,0.0,0.0,0.0,,0.0,0.0,0.0,0.0,0.0,0.0,0.0,0.0,0.0,,,0.0,5.0,0.0,5.0,0.0,0.0,0.0,0.0,0.0,0.0,0.0,0.0,0.0,5.0,,100.0,mizoram,12.0,11.0,11.4,10.3,70.6,38.7,54.7,50.0
Nagaland,54.0,49.0,56.0,10.8,5.2,76.5,2.0,2.0,0.2,20.0,56.0,0.0,76.0,0.0,51.0,0.0,0.0,25.0,76.5,32.9,39.0,0.0,0.0,0.0,0.0,,,0.0,0.0,0.0,0.0,0.0,0.0,0.0,0.0,0.0,,,0.0,0.0,0.0,0.0,0.0,0.0,0.0,0.0,0.0,0.0,0.0,0.0,0.0,0.0,,,nagaland,3.8,4.1,4.0,6.5,62.8,35.8,46.3,44.4
Odisha,31352.0,23648.0,25914.0,230.5,112.4,73.4,5534.0,5534.0,24.0,6618.0,25914.0,0.0,32532.0,0.0,24865.0,0.0,0.0,7667.0,73.4,23.6,18243.0,2327.0,2902.0,2696.0,71.9,37.5,98.8,177.0,2696.0,0.0,2873.0,0.0,2812.0,0.0,0.0,61.0,98.8,2.1,2778.0,19051.0,2778.0,21829.0,0.0,0.0,2.0,0.0,2.0,0.0,539.0,541.0,546.0,21283.0,0.4,97.5,odisha,15.2,19.6,18.9,30.3,58.1,41.1,43.9,33.0
Puducherry,153.0,200.0,212.0,8.7,24.4,93.2,9.0,9.0,1.0,100.0,212.0,0.0,312.0,0.0,191.0,0.0,0.0,121.0,93.2,38.8,178.0,7.0,9.0,4.0,2.0,2.0,100.0,10.0,4.0,0.0,14.0,0.0,2.0,0.0,0.0,12.0,100.0,85.7,2.0,72.0,2.0,74.0,0.0,0.0,0.0,0.0,0.0,0.0,0.0,0.0,0.0,74.0,,100.0,puducherry,26.4,24.4,25.7,30.0,77.6,70.8,75.1,65.4
Punjab,5662.0,5572.0,5258.0,146.3,35.9,73.6,1532.0,1532.0,10.5,6840.0,5258.0,3.0,12101.0,0.0,5985.0,130.0,2.0,5986.0,73.6,49.5,4406.0,200.0,162.0,116.0,88.6,1.3,71.1,295.0,116.0,2.0,413.0,0.0,152.0,8.0,1.0,253.0,71.1,61.3,108.0,373.0,108.0,481.0,2.0,0.0,6.0,0.0,6.0,4.0,33.0,43.0,52.0,429.0,14.0,89.2,punjab,7.2,9.7,8.7,11.6,65.2,57.6,60.6,56.0
Rajasthan,40738.0,45058.0,45450.0,396.0,114.8,53.6,18033.0,18098.0,45.5,3931.0,45450.0,0.0,49381.0,3.0,43384.0,4.0,8.0,5993.0,53.6,12.1,23267.0,7524.0,8752.0,8449.0,122.2,69.1,44.4,1280.0,8449.0,0.0,9729.0,1.0,7845.0,1.0,0.0,1883.0,44.4,19.4,3480.0,21538.0,3480.0,25018.0,1.0,6.0,1526.0,34.0,1560.0,230.0,751.0,2541.0,2548.0,22470.0,61.4,89.8,rajasthan,17.3,21.9,20.8,24.1,52.9,33.9,38.7,33.4
Sikkim,130.0,179.0,134.0,3.3,41.0,76.6,1.0,1.0,0.3,64.0,134.0,0.0,198.0,0.0,128.0,0.0,0.0,70.0,76.6,35.4,98.0,2.0,3.0,0.0,0.3,0.0,100.0,6.0,0.0,0.0,6.0,0.0,2.0,0.0,0.0,4.0,100.0,66.7,2.0,3.0,2.0,5.0,0.0,0.0,0.0,0.0,0.0,0.0,0.0,0.0,0.0,5.0,,100.0,sikkim,4.0,4.8,4.6,12.4,73.0,52.3,58.4,49.0
Tamil Nadu,8501.0,9207.0,8943.0,385.4,23.2,91.0,1017.0,1073.0,2.6,9039.0,8943.0,19.0,18001.0,0.0,8368.0,42.0,5.0,9591.0,91.0,53.3,7618.0,1377.0,1761.0,1921.0,144.4,13.3,81.8,1038.0,1921.0,2.0,2961.0,0.0,1836.0,9.0,0.0,1116.0,81.8,37.7,1502.0,6410.0,1502.0,7912.0,12.0,0.0,112.0,3.0,115.0,0.0,830.0,945.0,966.0,6946.0,12.2,87.8,tamilnadu,23.9,32.4,28.5,38.1,70.7,59.2,64.2,56.6
Telangana,20865.0,22066.0,23678.0,189.6,124.9,88.1,10518.0,10518.0,55.5,6693.0,23678.0,22.0,30393.0,0.0,22568.0,4.0,0.0,7821.0,88.1,25.7,19891.0,1772.0,1787.0,1709.0,54.3,31.5,74.6,816.0,1709.0,4.0,2529.0,0.0,1547.0,5.0,0.0,977.0,74.6,38.6,1154.0,6880.0,1154.0,8034.0,6.0,0.0,32.0,4.0,36.0,0.0,813.0,849.0,865.0,7169.0,4.2,89.2,telangana,24.8,33.0,30.8,37.2,66.5,45.2,51.1,45.5
Tripura,807.0,752.0,791.0,20.4,38.7,89.6,319.0,319.0,15.6,162.0,791.0,4.0,957.0,0.0,801.0,0.0,0.0,156.0,89.6,16.3,718.0,3.0,2.0,0.0,6.5,0.0,0.0,5.0,0.0,0.0,5.0,0.0,2.0,0.0,0.0,3.0,0.0,60.0,0.0,2.0,0.0,2.0,0.0,0.0,0.0,0.0,0.0,0.0,0.0,0.0,0.0,2.0,,100.0,tripura,11.7,21.2,19.1,20.7,53.9,27.3,32.9,23.2
Uttar Pradesh,56083.0,65743.0,66381.0,1133.5,58.6,77.1,19889.0,20231.0,17.5,10539.0,66381.0,408.0,77328.0,0.0,69115.0,0.0,0.0,8213.0,77.1,10.6,53322.0,13146.0,15368.0,15130.0,413.6,36.6,86.3,1580.0,15130.0,0.0,16710.0,0.0,15711.0,0.0,0.0,999.0,86.3,6.0,13560.0,76556.0,13560.0,90116.0,77.0,0.0,2765.0,225.0,2990.0,250.0,1317.0,4557.0,4638.0,85478.0,65.6,94.9,uttarpradesh,20.7,30.7,28.5,34.9,55.2,38.6,42.5,39.3
Uttarakhand,3431.0,4337.0,3808.0,56.9,66.9,71.3,1016.0,1022.0,17.9,2058.0,3808.0,0.0,5866.0,0.0,3881.0,0.0,0.0,1985.0,71.3,33.8,2768.0,123.0,114.0,102.0,18.9,5.4,71.6,50.0,102.0,0.0,152.0,0.0,109.0,0.0,0.0,43.0,71.6,28.3,78.0,490.0,78.0,568.0,0.0,0.0,8.0,0.0,8.0,0.0,4.0,12.0,12.0,556.0,66.7,97.9,uttarakhand,16.5,12.4,13.7,15.3,63.0,53.0,56.1,50.4
West Bengal,35884.0,34738.0,34691.0,486.4,71.3,93.8,19698.0,20462.0,40.5,10024.0,34691.0,16.0,44731.0,0.0,34344.0,1.0,8.0,10386.0,93.8,23.2,32227.0,108.0,104.0,102.0,214.6,0.5,90.6,76.0,102.0,0.0,178.0,0.0,96.0,0.0,1.0,82.0,90.6,46.1,87.0,900.0,87.0,987.0,0.0,0.0,1.0,0.0,1.0,4.0,32.0,37.0,38.0,949.0,2.7,96.1,westbengal,19.1,19.0,19.0,26.9,52.1,34.8,40.0,32.9
